VAR_ccTable_month,VAR_ccTable_total_ccusage
August,7.73831450841227
July,6.18533920905354
June,6.08585244441277
May,5.22995430636168
October,6.60232929408413
September,8.90218983879485

